Scientific Name,Common Name,Family Name
Abies grandis,Grand fir,Pinaceae
Abronia latifolia,Yellow sand verbena,Nyctaginaceae
Acer circinatum,Vine maple,Aceraceae
Acer glabrum,Douglas maple,Aceraceae
Acer macrophyllum,Big-leaf maple,Aceraceae
Achillea millefolium,Yarrow,Asteraceae
Adenocaulon bicolor,Pathfinder,Asteraceae
Adiantum pedatum,Maidenhair fern,Polypodiaceae
Agoseris grandiflora,Large-flowered agoseris,Asteraceae
Agoseris heterophylla,Annual agoseris,Asteraceae
Agropyron caninum,Bearded wheatgrass,Poaceae
Agropyron repens*,Quack grass,Poaceae
Agrostemma githago*,Common corncockle,Caryophyllaceae
Agrostis alba*,Red top,Poaceae
Agrostis exarata*,Spike bentgrass,Poaceae
Agrostis microphylla,Small-leaved bentgrass,Poaceae
Agrostis pallens,Dune bentgrass,Poaceae
Agrostis scabra,Tickle-grass,Poaceae
Agrostis stolonifera,Colonian bentgrass,Poaceae
Agrostis tenuis*,Colonial bentgrass,Poaceae
Aira caryophyllea*,Silver hairgrass,Poaceae
Aira praecox*,Early hairgrass,Poaceae
Ajuga reptans*,Ajuga,Lamiaceae
Alchemilla occidentalis,Western lady's-mantle,Rosaceae
Alisma plantago-aquatica,American waterplantain,Alismataceae
Allium acuminatum,Taper-tip onion,Liliaceae
Allium amplectens,Slim-leaf onion,Liliaceae
Allium cernuum,Nodding onion,Liliaceae
Allotropa virgata,Candystick,Ericaceae
Alnus rubra,Red alder,Betulaceae
Alnus sinuata,Sitka alder,Betulaceae
Alopecurus aequalis,Short-awned foxtail,Poaceae
Alopecurus carolinianus,Carolina foxtail,Poaceae
Alopecurus geniculatus,Water foxtail,Poaceae
Alopecurus pratensis*,Meadow foxtail,Poaceae
Althea rosea*,Hollyhock,Malvaceae
Alyssum saxitile*,Alyssum,Brassicaceae
Amaranthus blitoides,Prostrate pigweed,Amaranthaceae
Amaranthus powellii*,Powell's amaranth,Amaranthaceae
Amaranthus retroflexus*,Red-root pigweed,Amaranthaceae
Ambrosia chamissonis,Silver bursage,Asteraceae
Amelanchier alnifolia,Serviceberry,Rosaceae
Amsinckia intermedia,Fireweed fiddleneck,Boraginaceae
Amsinckia lycopsoides,Bugloss fiddleneck,Boraginaceae
Amsinckia menziesii,Menzies' fiddleneck,Boraginaceae
Anagallis arvensis*,Pimpernel,Primulaceae
Anaphalis margaritacea,Pearly everlasting,Asteraceae
Anchusa azurea*,Italian bugloss,Boraginaceae
Anchusa officinalis*,Alkanet,Boraginaceae
Anemone lyallii,Lyall's anemone,Ranunculaceae
Angelica lucida,Sea-watch,Apiaceae
Antennaria microphylla,Rosy pussy-toes,Asteraceae
Antennaria neglecta,Field pussy-toes,Asteraceae
Antennaria racemosa,Raceme pussy-toes,Asteraceae
Anthemis arvensis*,Field chamomile,Asteraceae
Anthemis cotula*,Dog fennel,Asteraceae
Anthoxanthum odoratum*,Sweet vernalgrass,Poaceae
Anthriscus scandicina*,Bur chervil,Apiaceae
Antirrhinum majus*,Snapdragon,Scrophulariaceae
Apium graveolens*,Celery,Apiaceae
Apocynum androsaemifolium,Spreading dogbane,Apocynaceae
Aquilegia formosa,Red columbine,Ranunculaceae
Aquilegia vulgaris*,Garden columbine,Ranunculaceae
Arabidopsis thaliana*,Thale cress,Brassicaceae
Arabis glabra,Tower mustard,Brassicaceae
Arabis hirsuta,Hairy rockcress,Brassicaceae
Arbutus menziesii,Pacific madrone,Ericaceae
Arceuthobium americanum,American mistletoe,Loranthaceae
Arceuthobium campylopodum,Western dwarf mistletoe,Loranthaceae
Arceuthobium tsugense,Hemlock dwarf mistletoe,Loranthaceae
Arctium minus*,Common burdock,Asteraceae
Arctostaphylos columbiana,Bristly manzanita,Ericaceae
Arctostaphylos uva-ursi,Bearberry,Ericaceae
Arenaria macrophylla,Big-leaf sandwort,Caryophyllaceae
Arenaria paludicola,Swamp sandwort,Caryophyllaceae
Arenaria serpyllifolia*,Thyme-leaf sandwort,Caryophyllaceae
Arenaria stricta,Slender sandwort,Caryophyllaceae
Arenaria tenella,Slender stichwort,Caryophyllaceae
Armeria maritima,Sea thrift,Plumbaginaceae
Arrhenatheram elatius*,Oat-grass,Poaceae
Artemisia absinthium*,Absinthe,Asteraceae
Artemisia campestris,Northern wormwood,Asteraceae
Artemisia suksdorfii,Suksdorf's sagewort,Asteraceae
Artemisia tilesii,Aleutian mugwort,Asteraceae
Asarum caudatum,Wild ginger,Aristolochiaceae
Asparagus officinalis*,Asparagus,Liliaceae
Asperula odorata*,Sweet woodruff,Rubiaceae
Aspidotus densa,Indian's dream fern,Polypodiaceae
Asplenium trichomanes,Maidenhair spleenwort,Polypodiaceae
Aster chilensis,Long-leaf aster,Asteraceae
Aster eatonii,Eaton's aster,Asteraceae
Aster junciformis,Rush aster,Asteraceae
Aster radulinus,Rough-leaf aster,Asteraceae
Aster sibiricus,Siberian aster,Asteraceae
Aster subspicatus,Douglas' aster,Asteraceae
Athyrium distentifolium,Alpine lady fern,Polypodiaceae
Athyrium filix-femina,Lady fern,Polypodiaceae
Atriplex dioica*,Rillscale,Chenopodiaceae
Atriplex patula,Orache,Chenopodiaceae
Avena fatua*,Wild oats,Poaceae
Avena sativa*,Oats,Poaceae
Barbarea orthoceras,American wintercress,Brassicaceae
Barbarea vulgaris*,Bitter wintercress,Brassicaceae
Bellis perennis*,English daisy,Asteraceae
Berberis aquifolium,Tall Oregongrape,Berberidaceae
Berberis nervosa,Cascade Oregongrape,Berberidaceae
Betula papyrifera,Paper birch,Betulaceae
Betula pendula*,European white birch,Betulaceae
Blechnum spicant,Deer fern,Polypodiaceae
Boisduvalia densiflora,Dense spike-primrose,Onagraceae
Boisduvalia stricta,Brook spike-primrose,Onagraceae
Borago officinalis*,Borage,Boraginaceae
Boschniakia hookeri,Vancouver groundcone,Orobanchaceae
Botrychium multifidum,Leathery grape-fern,Ophioglossaceae
Botrychium virginianum,Virginia grape-fern,Ophioglossaceae
Brasenia schreberi,Water-shield,Nymphaeaceae
Brassica campestris*,Common mustard,Brassicaceae
Brassica juncea*,Chinese mustard,Brassicaceae
Brassica kaber*,Charlock,Brassicaceae
Brassica oleracea*,Cabbage,Brassicaceae
Brodiaea coronaria,Harvest brodiaea,Liliaceae
Brodiaea howellii,Howell's brodiaea,Liliaceae
Brodiaea hyacinthina,Hyacinth brodiaea,Liliaceae
Bromus carinatus,California brome,Poaceae
Bromus ciliatus,Fringed brome,Poaceae
Bromus commutatus*,Common chess,Poaceae
Bromus inermis*,Smooth brome,Poaceae
Bromus mollis*,Soft brome,Poaceae
Bromus orcuttianus,Orcutt's brome,Poaceae
Bromus pacificus,Pacific brome,Poaceae
Bromus rigidus*,Ripgut brome,Poaceae
Bromus sitchensis,Alaska brome,Poaceae
Bromus sterilis*,Barren brome,Poaceae
Bromus tectorum*,Cheat grass,Poaceae
Bromus vulgaris,Narrow-leaf brome,Poaceae
Buddleja davidii*,Butterfly bush,Buddlejaceae
Cakile edentula,Searocket,Brassicaceae
Cakile maritima,European searocket,Brassicaceae
Calamagrostis canadensis,Bluejoint,Poaceae
Calandrinia ciliata,Red maids,Portulacaceae
Calendula officinalis*,Calendula,Asteraceae
Callitriche heterophylla,Different-leaved water-starwort,Callitrichaceae
Callitriche verna,Spring water-starwort,Callitrichaceae
Calypso bulbosa,Fairy slipper,Orchidaceae
Camassia leichtlinii,Great camas,Liliaceae
Camassia quamash,Common camas,Liliaceae
Campanula medium*,Canterbury bell,Campanulaceae
Campanula persicifolia*,Hare-bell,Campanulaceae
Campanula rapunculoides*,Creeping bellflower,Campanulaceae
Campanula rotundifolia,Common harebell,Campanulaceae
Campanula scouleri,Scouler's harebell,Campanulaceae
Capsella bursa-pastoris*,Shepherd's purse,Brassicaceae
Cardamine hirsuta*,Hairy bittercress,Brassicaceae
Cardamine occidentalis,Western bittercress,Brassicaceae
Cardamine oligosperma,Little Western bittercress,Brassicaceae
Cardamine pensylvanica,Pennsylvania bittercress,Brassicaceae
Cardamine pulcherrima,Spring beauty,Brassicaceae
Cardaria chalapensis*,Chalapa hoarycress,Brassicaceae
Carduus nutans*,Musk thistle,Asteraceae
Carex aperta,Columbia sedge,Cyperaceae
Carex aquatilis,Water sedge,Cyperaceae
Carex arcta,Northern clustered sedge,Cyperaceae
Carex athrostachya,Slender-beak sedge,Cyperaceae
Carex aurea,Golden sedge,Cyperaceae
Carex brevicaulis,Berm sedge,Cyperaceae
Carex cusickii,Cusick's sedge,Cyperaceae
Carex deweyana,Dewey's sedge,Cyperaceae
Carex echinata,Muricate sedge,Cyperaceae
Carex exsiccata,Western inflated sedge,Cyperaceae
Carex garberi,Elk sedge,Cyperaceae
Carex hendersonii,Henderson's sedge,Cyperaceae
Carex hoodii,Hood's sedge,Cyperaceae
Carex inops,Long-stoloned sedge,Cyperaceae
Carex interior,Inland sedge,Cyperaceae
Carex lasiocarpa,Slender sedge,Cyperaceae
Carex lenticularis,Lenticular sedge,Cyperaceae
Carex leporina,Hare sedge,Cyperaceae
Carex leptalea,Bristle-stalked sedge,Cyperaceae
Carex lyngbyei,Lingby's sedge,Cyperaceae
Carex macrocephala,Dune sedge,Cyperaceae
Carex muricata,Interior sedge,Cyperaceae
Carex obnupta,Slough sedge,Cyperaceae
Carex ovalis,Eggbract sedge,Cyperaceae
Carex pachystachya,Pachystachy sedge,Cyperaceae
Carex pansa,Sand-dune sedge,Cyperaceae
Carex pauciflora,Few-flowered sedge,Cyperaceae
Carex pensylvanica,Pennsylvania sedge,Cyperaceae
Carex phyllomanica,Coastal stellate sedge,Cyperaceae
Carex praticola,Meadows sedge,Cyperaceae
Carex preslii,Presl's sedge,Cyperaceae
Carex rossii,Ross' sedge,Cyperaceae
Carex rostrata,Beaked sedge,Cyperaceae
Carex sitchensis,Sitka sedge,Cyperaceae
Carex stipata,Sawbeak sedge,Cyperaceae
Carex tumulicola,Foothill sedge,Cyperaceae
Carex utriculata,Beaked sedge,Cyperaceae
Carex vesicaria,Inflated sedge,Cyperaceae
Carex viridula,Green sedge,Cyperaceae
Carum carvi*,Caraway,Apiaceae
Castilleja hispida,Harsh paintbrush,Scrophulariaceae
Castilleja levisecta,Golden indian-paintbrush,Scrophulariaceae
Caucalis microcarpa,Small bur-parsley,Apiaceae
Centaurea cyanus*,Batchelor button,Asteraceae
Centaurea diffusa*,Diffuse knapweed,Asteraceae
Centaurea jacea*,Brown knapweed,Asteraceae
Centaurea maculosa*,Spotted knapweed,Asteraceae
Centaurea montana*,Montana starthistle,Asteraceae
Centaurea pratensis*,Meadow knapweed,Asteraceae
Centaurium umbellatum*,Common centaury,Gentianaceae
Centranthus ruber*,Red valerian,Valerianaceae
Cerastium arvense,Field chickweed,Caryophyllaceae
Cerastium berringianum,Alpine chickweed,Caryophyllaceae
Cerastium nutans,Nodding chickweed,Caryophyllaceae
Cerastium pumilum*,European chickweed,Caryophyllaceae
Cerastium semidecandrum*,Chickweed,Caryophyllaceae
Cerastium tomentosum*,Snow-in-summer,Caryophyllaceae
Cerastium viscosum*,Sticky chickweed,Caryophyllaceae
Cerastium vulgatum*,Mouse-ear chickweed,Caryophyllaceae
Ceratophyllum demersum,Hornwort,Ceratophyllaceae
Chenopodium album*,Pigweed,Chenopodiaceae
Chenopodium leptophyllum,Slim-leaf goosefoot,Chenopodiaceae
Chenopodium murale,Sowbane,Chenopodiaceae
Chenopodium rubrum*,Red goosefoot,Chenopodiaceae
Chimaphila menziesii,Little pipsissewa,Ericaceae
Chimaphila umbellata,Pipsissewa,Ericaceae
Chondrilla juncea*,Gum-succory,Asteraceae
Chrysanthemum balsamita*,Costmary,Asteraceae
Chrysanthemum leucanthemum*,Ox-eye daisy,Asteraceae
Chrysanthemum maximum*,Shasta daisy,Asteraceae
Chrysanthemum parthenium*,Fever-few,Asteraceae
Cichorium intybus*,Chicory,Asteraceae
Cicuta douglasii,Water-hemlock,Apiaceae
Cinna latifolia,Reedgrass,Poaceae
Circaea alpina,Enchanter's nightshade,Onagraceae
Cirsium arvense*,Canada thistle,Asteraceae
Cirsium brevistylum,Indian thistle,Asteraceae
Cirsium vulgare*,Bull thistle,Asteraceae
Clarkia amoena,Farwell-to-spring,Onagraceae
Clarkia gracilis,Slender godetia,Onagraceae
Claytonia parviflora,Streambank spring beauty,Portulacaceae
Claytonia rubra,Red miner's lettuce,Portulacaceae
Clematis vitalba*,Traveller's joy,Ranunculaceae
Collinsia grandiflora,Large-flowered blue-eyed Mary,Scrophulariaceae
Collinsia parviflora,Small-flowered blue-eyed Mary,Scrophulariaceae
Collinsia sparsiflora,Few-flowered collensia,Scrophulariaceae
Collomia grandiflora,Large-flowered collomia,Polemoniaceae
Collomia heterophylla,Varied-leaf collomia,Polemoniaceae
Conioselinum pacificum,Pacific hemlock-parsley,Apiaceae
Conium maculatum*,Poison hemlock,Apiaceae
Conringia orientalis*,Hare's ear,Brassicaceae
Convolvulus arvensis*,Field morning-glory,Convolvulaceae
Convolvulus sepium*,Lady's nightcap,Convolvulaceae
Convolvulus soldanella,Beach morning-glory,Convolvulaceae
Conyza canadensis*,Horseweed,Asteraceae
Corallorhiza maculata,Spotted coral-root,Orchidaceae
Corallorhiza mertensiana,Western coral-root,Orchidaceae
Corallorhiza striata,Striped coral-root,Orchidaceae
Cornus canadensis,Bunchberry,Cornaceae
Cornus nuttallii,Pacific dogwood,Cornaceae
Cornus stolonifera,Red-osier dogwood,Cornaceae
Coronilla varia*,Crown vetch,Fabaceae
Coronopus didymus*,Wartcress,Brassicaceae
Corydalis lutea,Yellow corydalis,Fumariaceae
Corylus cornuta,Hazelnut,Betulaceae
Cotoneaster dielsiana*,Cotoneaster,Rosaceae
Cotoneaster franchetii*,Cotoneaster,Rosaceae
Cotoneaster horizontalis*,Cotoneaster,Rosaceae
Cotula coronopifolia*,Brass buttons,Asteraceae
Crassula conota*,Pygmyweed,Crassulaceae
Crataegus douglasii,Black hawthorn,Rosaceae
Crataegus laevigata*,English hawthorn,Rosaceae
Crataegus monogyna*,English hawthorn,Rosaceae
Crataegus sukdorfii,Suksdorf's hawthorn,Rosaceae
Crepis capillaris*,Smooth hawksbeard,Asteraceae
Crepis nicaeensis*,French hawksbeard,Asteraceae
Crocidium multicaule,Goldstar,Asteraceae
Cryptogramma crispa,Parsley fern,Polypodiaceae
Cuscuta epithymum,Common dodder,Cuscutaceae
Cuscuta salina,Saltmarsh dodder,Cuscutaceae
Cymbalaria muralis*,Ivy-leaved toad-flax,Scrophulariaceae
Cynosurus cristatus*,Crested dogtail,Poaceae
Cynosurus echinatus*,Hedgehog dogtail,Poaceae
Cystopteris fragilis,Fragile fern,Polypodiaceae
Cytisus scoparius*,Scot's broom,Fabaceae
Dactylis glomerata*,Orchard grass,Poaceae
Danthonia californica,California oatgrass,Poaceae
Danthonia spicata,Poverty danthonia,Poaceae
Daphne laureola*,Spurge laurel,Thymelaeaceae
Daucus carota*,Queen Anne's lace,Apiaceae
Daucus pusillus,American carrot,Apiaceae
Delphinium menziesii,Mountain larkspur,Ranunculaceae
Delphinium nuttallii,Nuttall's larkspur,Ranunculaceae
Deschampsia caespitosa,Tufted hairgrass,Poaceae
Deschampsia danthonioides,Annual hairgrass,Poaceae
Deschampsia elongata,Slender hairgrass,Poaceae
Descurainia richardsonii,Mountain tansymustard,Brassicaceae
Dianthus armeria*,Grass pink,Caryophyllaceae
Dicentra formosa,Bleeding heart,Fumariaceae
Digitalis purpurea*,Foxglove,Scrophulariaceae
Dipsacus sylvestris*,Teasel,Dipsacaceae
Disporum hookeri,Hooker fairy-bell,Liliaceae
Distichlis spicata,Seashore salt grass,Poaceae
Dodecatheon hendersonii,Broad-leaf shooting star,Primulaceae
Dodecatheon pulchellum,Few-flowered shooting star,Primulaceae
Draba nemerosa,Wood's draba,Brassicaceae
Draba verna,Spring whitlow-grass,Brassicaceae
Drosera rotundifolia,Round-leaf sundew,Droseraceae
Dryopteris expansa,Spreading wood-fern,Polypodiaceae
Dulichium arundinaceum,Dulichium,Cyperaceae
Eburophyton austiniae,Phantom orchid,Orchidaceae
Echinochloa crus-galli*,Barnyard-grass,Poaceae
Egeria densa*,Brazillian waterweed,Hydrochartiaceae
Elatine triandra,Three-stamened waterwort,Elatinaceae
Eleocharis acicularis,Needle spike-rush,Cyperaceae
Eleocharis palustris,Common spike-rush,Cyperaceae
Elodea canadensis,Canadian waterweed,Hydrocharitaceae
Elodea densa,South American waterweed,Hydrocharitaceae
Elymus canadensis,Nodding wildrye,Poaceae
Elymus glaucus,Western ryegrass,Poaceae
Elymus mollis,American dunegrass,Poaceae
Epilobium alpinum,Alpine willow-herb,Onagraceae
Epilobium angustifolium,Fireweed,Onagraceae
Epilobium glandulosum,Common willow-herb,Onagraceae
Epilobium minutum,Small-flowered willow-herb,Onagraceae
Epilobium palustre,Swamp willow-herb,Onagraceae
Epilobium paniculatum,Tall annual willow-herb,Onagraceae
Epilobium watsonii,Watson's willow-herb,Onagraceae
Epipactis helleborine*,European helliborine,Orchidaceae
Equisetum arvense,Common horsetail,Equisetaceae
Equisetum fluviatale,Swamp horsetail,Equisetaceae
Equisetum hyemale,Scouring rush,Equisetaceae
Equisetum telmateia,Giant horsetail,Equisetaceae
Erigeron compositus,Cut-leaved daisy,Asteraceae
Erigeron speciosus,Showy fleabane,Asteraceae
Eriophorum chamissonis,Chamisso's cottongrass,Cyperaceae
Eriophorum gracile,Slender cottongrass,Cyperaceae
Eriophyllum lanatum,Oregon sunshine,Asteraceae
Erodium cicutarium*,Filaree,Geraniaceae
Erythronium oregonum,Giant fawn-lily,Liliaceae
Eschscholtzia californica*,California poppy,Papaveraceae
Euphorbia cyparissias*,Cypress spurge,Euphorbiaceae
Euphorbia peplus*,Petty spurge,Euphorbiaceae
Festuca arundinacea*,Tall fescue,Poaceae
Festuca bromoides*,Barren fescue,Poaceae
Festuca idahoensis,Blue bunchgrass,Poaceae
Festuca microstachys,Small fescue,Poaceae
Festuca myuros*,Rat-tail fescue,Poaceae
Festuca occidentalis,Western fescue,Poaceae
Festuca ovina,Sheep fescue,Poaceae
Festuca roemeri,Roemer's fescue,Poaceae
Festuca rubra,Red fescue,Poaceae
Festuca subulata,Bearded fescue,Poaceae
Festuca subuliflora,Crinkle-awn fescue,Poaceae
Filago arvensis*,Filago,Asteraceae
Foeniculum vulgare*,Fennel,Apiaceae
Fragaria chiloensis,Coastal strawberry,Rosaceae
Fragaria vesca,Wild strawberry,Rosaceae
Fragaria virginiana,Woods strawberry,Rosaceae
Fritillaria camschatcensis,Black lily,Liliaceae
Fritillaria lanceolata,Chocolate lily,Liliaceae
Fumaria officinalis*,Fumitory,Fumariaceae
Galium aparine,Cleavers,Rubiaceae
Galium boreale,Northern bedstraw,Rubiaceae
Galium mollugo*,Wild madder,Rubiaceae
Galium multiflorum,Shrubby bedstraw,Rubiaceae
Galium trifidum,Small bedstraw,Rubiaceae
Galium triflorum,Fragrant bedstraw,Rubiaceae
Gaultheria shallon,Salal,Ericaceae
Gentiana amarella,Norhern gentian,Gentianaceae
Geranium bicknellii,Bicknell's geranium,Geraniaceae
Geranium carolinianum,Wild geranium,Geraniaceae
Geranium dissectum*,Cut-leaf geranium,Geraniaceae
Geranium molle*,Dovefoot geranium,Geraniaceae
Geranium pusillum*,Small flowered crane's-bill,Geraniaceae
Geranium robertianum*,Stinky Bob,Geraniaceae
Geum macrophyllum,Large-leaved avens,Rosaceae
Gilia capitata,Globe gilia,Polemoniaceae
Glaux maritima,Sea milkwort,Primulaceae
Glecoma hederacea*,Creeping Charlie,Lamiaceae
Glehnia leiocarpa,American glehnia,Apiaceae
Glyceria borealis,Northern mannagass,Poaceae
Glyceria occidentalis,Western mannagrass,Poaceae
Gnaphalium chilense,Cottonbatting cudweed,Asteraceae
Gnaphalium microcephalum,Slender cudweed,Asteraceae
Gnaphalium palustre,Lowland cudweed,Asteraceae
Gnaphalium purpureum,Purple cudweed,Asteraceae
Gnaphalium uliginosum*,Marsh cudweed,Asteraceae
Goodyera oblongifolia,Rattlesnake-plantain,Orchidaceae
Grindelia integrifolia,Coastal gumweed,Asteraceae
Grindelia squarrosa,Resinweed,Asteraceae
Grindelia stricta,Oregon gumweed,Asteraceae
Gymnocarpium dryopteris,Oak fern,Polypodiaceae
Habenaria dilatata,White bog-orchid,Orchidaceae
Habenaria elegans,Elegant rein-orchid,Orchidaceae
Habenaria orbiculata,Round-leaved rein-orchid,Orchidaceae
Habenaria saccata,Slender bog-orchid,Orchidaceae
Habenaria unalascensis,Alaska rein-orchid,Orchidaceae
Hedera helix*,English ivy,Araliaceae
Heracleum lanatum,Cow parsnip,Apiaceae
Heracleum mantegazzianum*,Giant hogweed,Apiaceae
Hesperis matronalis*,Dame's violet,Brassicaceae
Heuchera micrantha,Small-flowered alumroot,Saxifragaceae
Hieracium albiflorum,White-flowered hawkweed,Asteraceae
Hieracium pilocella,Mouse-ear hawkweed,Asteraceae
Hippuris montana,Mountain mare's-tail,Hippuridacee
Hippuris vulgaris,Mare's tail,Hippuridacee
Holcus lanatus*,Common velvet grass,Poaceae
Holcus mollis*,Creeping velvet-grass,Poaceae
Holodiscus discolor,Ocean spray,Rosaceae
Holosteum umbellatum*,Jagged chickweed,Caryophyllaceae
Honkenya peploides,Sea purslane,Caryophyllaceae
Hordeum brachyantherum,Meadow barley,Poaceae
Hordeum depressum,Low barley,Poaceae
Hordeum geniculatum*,Seaside barley,Poaceae
Hordeum jubatum,Foxtail barley,Poaceae
Hordeum murinum*,Wall barley,Poaceae
Humulus lupulus*,Hops,Moraceae
Hutchinsia procumbens,Hutchinsia,Brassicaceae
Hyacinthoides hispanica*,Hyacinth,Liliaceae
Hypericum anagalloides,Bog St. John's-wort,Hypericaceae
Hypericum calycinum*,Goatweed,Hypericaceae
Hypericum formosum,Western St.John's-wort,Hypericaceae
Hypericum perforatum*,Klamath weed,Hypericaceae
Hypochaeris glabra*,Smooth cat's-ear,Asteraceae
Hypochaeris radicata*,Hairy cat's-ear,Asteraceae
Hypopites monotropa,Many-flowered indian pipe,Ericaceae
Ilex aquifolium*,English holly,Aquifoliaceae
Iris germanica*,Blue flag,Iridaceae
Iris pseudacorus*,Yellow flag,Iridaceae
Isoetes echniospora,Spiny-spored quillwort,Isoetaceae
Isoetes nuttallii,Nuttall's quillwort,Isoetaceae
Jaumea carnosa,Fleshy jaumea,Asteraceae
Juncus acuminatus,Tapered rush,Juncaceae
Juncus alpinus,Norhern rush,Juncaceae
Juncus articulatus,Jointed rush,Juncaceae
Juncus balticus,Baltic rush,Juncaceae
Juncus bolanderi,Bolander's rush,Juncaceae
Juncus bufonius*,Toad rush,Juncaceae
Juncus effusus,Soft rush,Juncaceae
Juncus ensifolius,Daggerleaf rush,Juncaceae
Juncus gerardii,Mud rush,Juncaceae
Juncus lesueurii,Brewer's rush,Juncaceae
Juncus nevadensis,Sierra rush,Juncaceae
Juncus tenuis,Slender rush,Juncaceae
Juniperus scopulorum,Rocky Mountain juniper,Cupressaceae
Kalmia occidentalis,Western swamp laurel,Ericaceae
Koeleria cristata,Prairie junegrass,Poaceae
Laburnum anagyroides*,Golderchain tree,Fabaceae
Lactuca ludoviciana*,Western letuce,Asteraceae
Lactuca muralis*,Wall lettuce,Asteraceae
Lactuca serriola*,Prickly lettuce,Asteraceae
Lamium amplexicaule*,Henbit,Lamiaceae
Lamium hybridum*,Hybrid dead-nettle,Lamiaceae
Lamium maculatum*,Spotted dead-nettle,Lamiaceae
Lamium purpureum*,Red dead-nettle,Lamiaceae
Lapsana communis*,Nipplewort,Asteraceae
Lathyrus aphaca*,Yellow vetchling,Fabaceae
Lathyrus japonicus,Maritime peavine,Fabaceae
Lathyrus latifolius*,Everlasting peavine,Fabaceae
Lathyrus littoralis,Beach peavine,Fabaceae
Lathyrus nevadensis,Nuttall's peavine,Fabaceae
Lathyrus palustris,Marsh peavine,Fabaceae
Ledum groenlandicum,Labrador tea,Ericaceae
Leersia oryzoides,Cutgrass,Poaceae
Lemna minor,Common duckweed,Lemnaceae
Lemna trisulca,Star duckweed,Lemnaceae
Lemna turionifera,Turion duckweed,Lemnaceae
Leontodon autumnalis*,Fall dandelion,Asteraceae
Leontodon nudicaulis*,Hairy hawkbit,Asteraceae
Lepidium campestre*,Field peppergrass,Brassicaceae
Lepidium densiflorum,Common pepperweed,Brassicaceae
Lepidium oxycarpum,Sharp-fruited peppergrass,Brassicaceae
Lepidium perfoliatum*,Clasping peppergrass,Brassicaceae
Lepidium virginicum*,Tall pepperweed,Brassicaceae
Lewisia columbiana,Columbia lewisia,Portulacaceae
Lilaeopsis occidentalis,Lilaeopsis,Apiaceae
Lilium columbianum,Tiger lily,Liliaceae
Linanthus bicolor,Bicolored linanthus,Polemoniaceae
Linaria canadensis*,Blue toad-flax,Scrophulariaceae
Linaria dalmatica*,Dalmatian toad-flax,Scrophulariaceae
Linaria vulgaris*,Butter and eggs,Scrophulariaceae
Linnaea borealis,Twinflower,Caprifoliaceae
Liparis loeselii,Yellow wide-lip orchid,Orchidaceae
Listera caurina,Northwestern twayblade,Orchidaceae
Listera cordata,Heart-leaved twayblade,Orchidaceae
Lithophragma parviflorum,Small-flowered prairie-star,Saxifragaceae
Lithospermum arvense*,Corn gromwell,Boraginaceae
Lobelia dortmanna,Water lobelia,Campanulaceae
Lobularia maritima*,Sweet alison,Brassicaceae
Lolium multiflorum*,Italian ryegrass,Poaceae
Lolium perenne*,English ryegrass,Poaceae
Lomatium nudicaule,Pestle parsnip,Apiaceae
Lomatium utriculatum,Spring gold,Apiaceae
Lonicera ciliosa,Orange honeysuckle,Caprifoliaceae
Lonicera hispidula,California honeysuckle,Caprifoliaceae
Lonicera involucrata,Black twinberry,Caprifoliaceae
Lotus corniculatus*,Birdsfoot trefoil,Fabaceae
Lotus denticulatus,Meadow lotus,Fabaceae
Lotus micranthus,Miniature lotus,Fabaceae
Lotus purshianus,Spanish clover,Fabaceae
Ludwigia palustris,False loosestrife,Onagraceae
Luetkea pectinata,Partridge foot,Rosaceae
Lunaria annua*,Money plant,Brassicaceae
Lupinus albicaulis,Sickle-keeled lupine,Fabaceae
Lupinus arboreus,Tree lupine,Fabaceae
Lupinus arcticus,Arctic lupine,Fabaceae
Lupinus bicolor,Two-color lupine,Fabaceae
Lupinus latifolius,Broad-leaf lupine,Fabaceae
Lupinus littoralis,Seashore lupine,Fabaceae
Lupinus micranthus,Small-flowered lupine,Fabaceae
Lupinus microcarpus,Chick lupine,Fabaceae
Lupinus polyphyllus,Big-leaf lupine,Fabaceae
Lupinus rivularis,Streambank lupine,Fabaceae
Luzula campestris,Field woodrush,Juncaceae
Luzula comosa,Congensed woodrush,Juncaceae
Luzula parviflora,Small-flowered woodrush,Juncaceae
Lychnis alba*,White campion,Caryophyllaceae
Lychnis coronaria*,Rose campion,Caryophyllaceae
Lycopodium clavatum,Running clubmoss,Lycopodiaceae
Lycopus uniflorus,Northern bugleweed,Lamiaceae
Lysichiton americanus,Skunk cabbage,Araceae
Lysimachia thrysiflora,Tufted loosestrife,Primulaceae
Madia exigua,Little tarweed,Asteraceae
Madia glomerata,Mountain tarweed,Asteraceae
Madia gracilis,Common tarweed,Asteraceae
Madia madioides,Woodland tarweed,Asteraceae
Madia minima,Small-head tarweed,Asteraceae
Madia sativa,Coast tarweed,Asteraceae
Maianthemum dilatatum,False lily-of-the-valley,Liliaceae
Malva moschata*,Musk mallow,Malvaceae
Malva neglecta*,Dwarf mallow,Malvaceae
Malva parviflora*,Cheeseplant,Malvaceae
Malva sylvestris*,Common mallow,Malvaceae
Marah oreganus,Manroot,Cucurbitaceae
Marrubium vulgare*,Horehound,Lamiaceae
Matricaria maritima*,Scentless may-weed,Asteraceae
Matricaria matricarioides*,Pineapple weed,Asteraceae
Meconella oregana,White meconella,Papaveraceae
Medicago lupulina*,Black medic,Fabaceae
Medicago sativa*,Alfalfa,Fabaceae
Melica subulata,Alaska onion-grass,Poaceae
Melilotus alba*,White sweet-clover,Fabaceae
Melilotus officinalis*,Yellow sweet-clover,Fabaceae
Melissa officinalis*,Lemon balm,Lamiaceae
Mentha arvensis,Field mint,Lamiaceae
Mentha citrata*,Bergamot mint,Lamiaceae
Mentha piperita*,Peppermint,Lamiaceae
Mentha rotundifolia*,Apple mint,Lamiaceae
Mentha spicata*,Spearmint,Lamiaceae
Menyanthes trifoliata,Buckbean,Menyanthaceae
Microseris bigelovii,Coast microseris,Asteraceae
Microsteris gracilis,Pink microsteris,Polemoniaceae
Mimulus alsinoides,Chickweed monkey-flower,Scrophulariaceae
Mimulus guttatus,Common monkey-flower,Scrophulariaceae
Mimulus moschatus,Musk-flower,Scrophulariaceae
Moneses uniflora,Woodnymph,Ericaceae
Monotropa uniflora,Single-flowered indian pipe,Ericaceae
Montia dichotoma,Dwarf montia,Portulacaceae
Montia fontana,Water chickweed,Portulacaceae
Montia howellii,Howell's miner's-lettuce,Portulacaceae
Montia linearis,Narrow-leaf montia,Portulacaceae
Montia parvifolia,Streambank spring beauty,Portulacaceae
Montia perfoliata,Miner's lettuce,Portulacaceae
Montia sibirica,Candyflower,Portulacaceae
Montia spathulata,Pale montia,Portulacaceae
Muscari armeniacum*,Armenium grape-hyacinth,Liliaceae
Myosotis arvensis*,Field forget-me-not,Boraginaceae
Myosotis discolor*,Yellow & blue forget-me-not,Boraginaceae
Myosotis laxa,Small-flowered forget-me-not,Boraginaceae
Myosotis micrantha*,Blue forget-me-not,Boraginaceae
Myosotis scorpioides*,Common forget-me-not,Boraginaceae
Myosotis sylvatica*,Wood forget-me-not,Boraginaceae
Myosurus minimus,Common mousetail,Ranunculaceae
Myriophyllum sibericum,Siberian water-milfoil,Haloragaceae
Myriophyllum spicatum*,Spiked water-milfoil,Haloragaceae
Najas flexilus,Wavy water-nymph,Najadaceae
Navarretia intertexta,Needle-leaf navarretia,Polemoniaceae
Navarretia minima,Least navarretia,Polemoniaceae
Navarretia squarrosa,Skunkweed,Polemoniaceae
Nemophila parviflora,Small-flowered nemophila,Hydrophyllaceae
Nemophila pedunculata,Meadow nemophila,Hydrophyllaceae
Nepeta cataria*,Catnip,Lamiaceae
Nuphar polysepala,Pond lily,Nymphaeaceae
Nymphaea odorata*,American water-lily,Nymphaeaceae
Oemleria cerasiformus,Indian plum,Rosaceae
Oenanthe sarmentosa,Water parsley,Apiaceae
Oenothera contorta,Bentpod evening-primrose,Onagraceae
Oenothera erythrosepala*,Red-sepaled evening-primrose,Onagraceae
Ophioglossum vulgatum,Adder's tongue,Ophioglossaceae
Oplopanax horridum,Devil's club,Araliaceae
Opuntia fragilis,Brittle cactus,Cactaceae
Orobanche californica,California broomrape,Orobanchaceae
Orobanche uniflora,Naked broom-rape,Orobanchaceae
Orthocarpus attenuatus,Narrow-leaved owl-clover,Scrophulariaceae
Orthocarpus bracteosus,Rosy owl-clover,Scrophulariaceae
Orthocarpus pusillus,Dwarf owl-clover,Scrophulariaceae
Osmorhiza chilensis,Mountain sweet-cicely,Apiaceae
Osmorhiza purpurea,Purple sweet-cicely,Apiaceae
Oxalis corniculata*,Creeping yellow wood-sorrel,Oxalidaceae
Oxytropis campestris,Field locoweed,Fabaceae
Pachistima myrsinites,Mountain box,Celastraceae
Panicum miliaceum*,Broomcorn millet,Poaceae
Papaver argemone*,Long prickly-headed poppy,Papaveraceae
Papaver rhoeas*,Corn poppy,Papaveraceae
Papaver somniferum*,Opium poppy,Papaveraceae
Parentucellia viscosa*,Yellow parentucellia,Scrophulariaceae
Pastinaca sativa*,Parsnip,Apiaceae
Perideridia gairdneri,Yampah,Apiaceae
Petasites frigidus,Sweet coltsfoot,Asteraceae
Petroselinum crispum*,Parsley,Apiaceae
Phacelia linearis,Thread-leaf phacelia,Hydrophyllaceae
Phalaris arundinacea*,Reed canarygrass,Poaceae
Philadelphus lewisii,Mock-orange,Hydrangeaceae
Phleum pratense*,Timothy,Poaceae
Phyllospadix scouleri,Surf-grass,Zosteraceae
Physocarpus capitatus,Pacific ninebark,Rosaceae
Picea sitchensis,Sitka spruce,Pinaceae
Pimpinella saxifraga,Burnet-saxifrage,Apiaceae
Pinus contorta,Lodgepole pine,Pinaceae
Pinus monticola,Western white pine,Pinaceae
Pisum sativum*,Garden pea,Fabaceae
Pityrogramma triangularis,Gold-back fern,Polypodiaceae
Plagiobothrys scouleri,Scouler's popcorn-flower,Boraginaceae
Plagiobothrys tenellus,Slender popcorn-flower,Boraginaceae
Plantago bigelovii*,Coast plantain,Plantaginaceae
Plantago elongata,Slender plantain,Plantaginaceae
Plantago lanceolata*,English plantain,Plantaginaceae
Plantago major*,Common plantain,Plantaginaceae
Plantago maritima,Seaside plantain,Plantaginaceae
Plectritis congesta,Sea blush,Valerianaceae
Poa annua,Annual bluegrass,Poaceae
Poa bulbosa*,Bulbous bluegrass,Poaceae
Poa compressa,Canadian bluegrass,Poaceae
Poa confinis,Coastline bluegrass,Poaceae
Poa howellii,Howell's bluegrass,Poaceae
Poa palustris*,Fowl meadow-grass,Poaceae
Poa pratensis*,Kentucky bluegrass,Poaceae
Poa scabrella,Pine bluegrass,Poaceae
Poa trivialis*,Roughstalk bluegrass,Poaceae
Polemonium pulcherrimum,Showy Jacob's ladder,Polemoniaceae
Polygonum amphibium,Water smartweed,Polygonaceae
Polygonum aviculare*,Doorweed,Polygonaceae
Polygonum coccineum,Swamp persicaria,Polygonaceae
Polygonum convolvulus*,Black bindweed,Polygonaceae
Polygonum cuspidatum*,Japanese knotweed,Polygonaceae
Polygonum fowleri,Fowler's knotweed,Polygonaceae
Polygonum lapathifolium,Willow weed,Polygonaceae
Polygonum minimum,Leafy dwarf knotweed,Polygonaceae
Polygonum nuttallii,Nuttall's knotweed,Polygonaceae
Polygonum paronychia,Beach knotweed,Polygonaceae
Polygonum persicaria*,Heartweed,Polygonaceae
Polygonum polystachyum*,Cultivated knotweed,Polygonaceae
Polygonum sachalinense*,Giant knotweed,Polygonaceae
Polygonum spergulariaeforme,Spurry knotweed,Polygonaceae
Polypodium amorphum,Irregular polypody,Polypodiaceae
Polypodium glycyrrhiza,Licorice fern,Polypodiaceae
Polypodium hesperium,Western polypody,Polypodiaceae
Polypogon monspeilensis*,Rabbitsfoot grass,Poaceae
Polystichum imbricans,Christmas-fern,Polypodiaceae
Polystichum munitum,Sword fern,Polypodiaceae
Populus alba*,White poplar,Salicaceae
Populus deltoides*,Plain's cottonwood,Salicaceae
Populus tremuloides,Quaking aspen,Salicaceae
Populus trichocarpa,Black cottonwood,Salicaceae
Potamogeton amplifolius,Large-flowered pondweed,Potamogetonaceae
Potamogeton berchtoldii,Berchtold's pondweed,Potamogetonaceae
Potamogeton epihydrus,Ribbon-leaf pondweed,Potamogetonaceae
Potamogeton foliosus,Closed-leaved pondweed,Potamogetonaceae
Potamogeton friesii,Flat-stalked pondweed,Potamogetonaceae
Potamogeton gramineus,Grass-leaved pondweed,Potamogetonaceae
Potamogeton illinoensis,Illinois pondweed,Potamogetonaceae
Potamogeton natans,Floating-leaf pondweed,Potamogetonaceae
Potamogeton obtusifolius,Blunt-leaved pondweed,Potamogetonaceae
Potamogeton pectinatus,Fennel-leaf pondweed,Potamogetonaceae
Potamogeton praelongus,White-stalked pondweed,Potamogetonaceae
Potamogeton pusillus,Small pondweed,Potamogetonaceae
Potamogeton robbinsii,Robbin's pondweed,Potamogetonaceae
Potamogeton zosteriformis,Eel-grass pondweed,Potamogetonaceae
Potentilla anserina,Common silverweed,Rosaceae
Potentilla argentea,Silvery cinquefoil,Rosaceae
Potentilla gracilis,Graceful cinquefoil,Rosaceae
Potentilla pacifica,Pacific silverweed,Rosaceae
Potentilla palustris,Marsh cinquefoil,Rosaceae
Prunella vulgaris,Self-heal,Lamiaceae
Prunus avium*,Sweet cherry,Rosaceae
Prunus cerasifera*,Cherry plum,Rosaceae
Prunus cerasus*,Sour cherry,Rosaceae
Prunus domestica*,Plum,Rosaceae
Prunus emarginata,Bitter cherry,Rosaceae
Prunus lusitanica*,Portugal laurel,Rosaceae
Prunus mahalub*,Mahalub cherry,Rosaceae
Prunus virginiana,Chokecherry,Rosaceae
Pseudotsuga menziesii,Douglas fir,Pinaceae
Psilocarphus tenellus,Slender woolly-heads,Asteraceae
Psoralea physodes,California-tea,Fabaceae
Pteridium aquilinum,Bracken,Polypodiaceae
Pterospora andromedea,Pinedrops,Ericaceae
Puccinellia cusickii,Cusick's alkaligrass,Poaceae
Puccinellia lucida,Shining alkaligrass,Poaceae
Puccinellia maritima*,Coast alkaligrass,Poaceae
Puccinellia nutkaensis,Pacific alkaligrass,Poaceae
Puccinellia nuttalliana,Nuttall's alkaligrass,Poaceae
Puccinellia pauciflora,Weak alkaligrass,Poaceae
Puccinellia pumila,Dwarf alkaligrass,Poaceae
Pyracantha coccinea*,Firethorn,Rosaceae
Pyrola asarifolia,Pink wintergreen,Ericaceae
Pyrola chlorantha,Green wintergreen,Ericaceae
Pyrola minor,Snowline pyrola,Ericaceae
Pyrola picta,White-veined wintergreen,Ericaceae
Pyrola secunda,One-sided wintergreen,Ericaceae
Pyrus communis*,Pear,Rosaceae
Pyrus fusca,Crabapple,Rosaceae
Pyrus malus*,Apple,Rosaceae
Quercus garryana,Oregon white oak,Fagaceae
Ranunculus acris*,Meadow buttercup,Ranunculaceae
Ranunculus aquatilis,Water buttercup,Ranunculaceae
Ranunculus californicus,California buttercup,Ranunculaceae
Ranunculus cymbalaria,Shore buttercup,Ranunculaceae
Ranunculus flammula,Lesser spearwort,Ranunculaceae
Ranunculus macounii,Macoun's buttercup,Ranunculaceae
Ranunculus occidentalis,Western buttercup,Ranunculaceae
Ranunculus orthorhynchus,Straight-beak buttercup,Ranunculaceae
Ranunculus repens*,Creeping buttercup,Ranunculaceae
Ranunculus sardous,Hairy buttercup,Ranunculaceae
Ranunculus sceleratus,Celery-leaved buttercup,Ranunculaceae
Ranunculus uncinatus,Little buttercup,Ranunculaceae
Raphanus raphanistrum*,Jointed sharlock,Brassicaceae
Raphanus sativus*,Wild radish,Brassicaceae
Rhamnus purshiana,Cascara,Rhamnaceae
Rhus glabra,Sumac,Anacardiaceae
Rhyncospora alba,White-beaked rush,Cyperaceae
Ribes divaricatum,Coast black gooseberry,Grossulariaceae
Ribes lacustre,Prickly currant,Grossulariaceae
Ribes sanguineum,Red-flowered currant,Grossulariaceae
Robinia pseudoacacia*,Black locust,Fabaceae
Rorippa curvisiliqua,Western yellowcress,Brassicaceae
Rorippa islandica,Marsh yellowcress,Brassicaceae
Rorippa nasturtium-aquaticum*,Water cress,Brassicaceae
Rosa eglanteria*,Sweetbrier,Rosaceae
Rosa gymnocarpa,Baldhip rose,Rosaceae
Rosa nutkana,Nootka rose,Rosaceae
Rosa pisocarpa,Clustered wild rose,Rosaceae
Rubus discolor*,Himalayan blackberry,Rosaceae
Rubus laciniatus*,Evergreen blackberry,Rosaceae
Rubus leucodermis,Blackcap,Rosaceae
Rubus macrophyllus*,Large-leaf blackberry,Rosaceae
Rubus parviflorus,Thimbleberry,Rosaceae
Rubus spectabilis,Salmonberry,Rosaceae
Rubus ursinus,Wild blackberry,Rosaceae
Rumex acetosella*,Sheep sorrel,Polygonaceae
Rumex conglomeratus*,Clustered dock,Polygonaceae
Rumex crispus*,Sour dock,Polygonaceae
Rumex maritimus,Golden dock,Polygonaceae
Rumex obtusifolius*,Broad-leaved dock,Polygonaceae
Rumex occidentalis,Western dock,Polygonaceae
Rumex salicifolius,Willow dock,Polygonaceae
Ruppia maritima,Ditchgrass,Ruppiaceae
Sagina apetala*,Common pearlwort,Caryophyllaceae
Sagina crassicaulis,Stickystem pearlwort,Caryophyllaceae
Sagina occidentalis,Western pearlwort,Caryophyllaceae
Sagina procumbens*,Arctic pearlwort,Caryophyllaceae
Salicornia europaea,Red swampfire,Chenopodiaceae
Salicornia perennis*,Chickenclaws,Chenopodiaceae
Salicornia virginica,Pickleweed,Chenopodiaceae
Salix geyeriana,Geyer willow,Salicaceae
Salix hookeriana,Hooker's willow,Salicaceae
Salix lasiandra,Pacific willow,Salicaceae
Salix rigida,Mackenzie willow,Salicaceae
Salix scouleriana,Scouler willow,Salicaceae
Salix sitchensis,Sitka willow,Salicaceae
Sambucus cerulea,Blue elderberry,Caprifoliaceae
Sambucus racemosa,Red elderberry,Caprifoliaceae
Sanguisorba minor*,Small burnet,Rosaceae
Sanicula arctopoides,Footsteps-of-spring,Apiaceae
Sanicula bipinnatifida,Purple sanicle,Apiaceae
Sanicula crassicaulis,Pacific sanicle,Apiaceae
Sanicula graveolens,Sierra sanicle,Apiaceae
Satureja douglasii,Yerba buena,Lamiaceae
Saxifraga bronchialis,Spotted saxifrage,Saxifragaceae
Saxifraga caespitosa,Tufted saxifrage,Saxifragaceae
Saxifraga integrifolia,Grassland saxifrage,Saxifragaceae
Saxifraga occidentalis,Western saxifrage,Saxifragaceae
Saxifraga rhomboidea,Diamond-leaf saxifrage,Saxifragaceae
Schoenoplectus maritimus,Cosmopolitan bulrush,Cyperaceae
Scilla hispanica*,Spanish bluebells,Liliaceae
Scirpus acutus,Hard-stem bulrush,Cyperaceae
Scirpus americanus,Three-square bulrush,Cyperaceae
Scirpus cyperinus,Wool-grass,Cyperaceae
Scirpus maritimus,Seacoast bulrush,Cyperaceae
Scirpus microcarpus,Small-flowered bulrush,Cyperaceae
Scirpus subterminalis,Water clubrush,Cyperaceae
Scleranthus annuus*,Annual knawel,Caryophyllaceae
Scutellaria galericulata,Marsh skullcap,Lamiaceae
Secaule cereale*,Rye,Poaceae
Sedum acre*,Wall-pepper,Crassulaceae
Sedum album*,Worm-grass,Crassulaceae
Sedum lanceolatum,Lance-leaved stonecrop,Crassulaceae
Sedum oreganum,Oregon stonecrop,Crassulaceae
Sedum spathulifolium,Broadleaved stonecrop,Crassulaceae
Selaginella wallacei,Wallace's selaginella,Selaginellaceae
Senecio indecorus,Rayless mountain butterweed,Asteraceae
Senecio jacobaea*,Tansy ragwort,Asteraceae
Senecio macounii,Puget butterweed,Asteraceae
Senecio sylvaticus*,Wood groundsel,Asteraceae
Senecio vulgaris*,Common groundsel,Asteraceae
Setaria lutescens*,Yellow foxtail,Poaceae
Shepherdia canadensis,Buffalo berry,Elaeagnaceae
Sherardia arvensis*,Blue field-madder,Rubiaceae
Sidalcea hendersonii,Henderson's checker-mallow,Malvaceae
Silene antirrhina*,Sleepy catchfly,Caryophyllaceae
Silene cucubalus*,Bladder campion,Caryophyllaceae
Silene gallica*,Windmill pink,Caryophyllaceae
Silene latifolia*,Bladder campion,Caryophyllaceae
Silene menziesii,Menzies' silene,Caryophyllaceae
Silene scouleri,Sleepy catchfly,Caryophyllaceae
Sisymbrium altissimum*,Jim Hill mustard,Brassicaceae
Sisymbrium officinale*,Hedge mustard,Brassicaceae
Sisyrinchium angustifolium,Blue-eyed grass,Iridaceae
Sisyrinchium californicum,Golden-eyed grass,Iridaceae
Sisyrinchium douglasii,Grass-widow,Iridaceae
Sitanion hystrix,Squirreltail,Poaceae
Sium suave,Water-parsnip,Apiaceae
Smilacina racemosa,False Solomon's seal,Liliaceae
Smilacina stellata,Star-flowered Solomon's seal,Liliaceae
Solanum dulcamara*,Bittersweet nightshade,Solanaceae
Solanum nigrum,Black nightshade,Solanaceae
Solanum sarrachoides,Hairy nightshade,Solanaceae
Solidago canadensis,Meadow goldenrod,Asteraceae
Solidago spathulata,Dwarf goldenrod,Asteraceae
Sonchus arvensis*,Field sowthistle,Asteraceae
Sonchus asper*,Prickly sowthistle,Asteraceae
Sonchus oleraceus*,Common sowthistle,Asteraceae
Sorbus aucuparia*,European mountain-ash,Rosaceae
Sparganium emersum,Simplestem bur-reed,Sparganiaceae
Sparganium eurycarpum,Broad-fruited bur-reed,Sparganiaceae
Spergula arvensis*,Cornspurry,Caryophyllaceae
Spergularia canadensis,Winged sandspurry,Caryophyllaceae
Spergularia macrotheca,Beach sandspurry,Caryophyllaceae
Spergularia marina*,Saltmarsh sandspurry,Caryophyllaceae
Spergularia rubra*,Red sandspurry,Caryophyllaceae
Spiraea douglasii,Hardhack,Rosaceae
Spiranthes romanzoffiana,Hooded ladies-tresses,Orchidaceae
Spirodela polyrhiza,Great duckweed,Lemnaceae
Stachys cooleyae,Cooley's hedge-nettle,Lamiaceae
Stellaria borealis,Northern starwort,Caryophyllaceae
Stellaria calycantha,Northern starwort,Caryophyllaceae
Stellaria crispa,Crisped starwort,Caryophyllaceae
Stellaria graminea*,Lesser starwort,Caryophyllaceae
Stellaria longifolia,Long-leaved starwort,Caryophyllaceae
Stellaria longipes,Long-stalked starwort,Caryophyllaceae
Stellaria media*,Common chickweed,Caryophyllaceae
Stellaria nitens,Shining chickweed,Caryophyllaceae
Stipa lemmonii,Lemmon's needlegrass,Poaceae
Stipa occidentalis,Western needlegrass,Poaceae
Symphoricarpos albus,Common snowberry,Caprifoliaceae
Symphoricarpos mollis,Creeping snowberry,Caprifoliaceae
Symphytum officinale*,Common comfrey,Boraginaceae
Tanacetum vulgare*,Common tansy,Asteraceae
Taraxacum laevigatum*,Red-seeded dandelion,Asteraceae
Taraxacum officinale*,Dandelion,Asteraceae
Taxus brevifolia,Western yew,Taxaceae
Teesdalia nudicaulis*,Teesdalia,Brassicaceae
Tellima grandiflora,Fringecup,Saxifragaceae
Thlaspi arvense*,Fanweed,Brassicaceae
Thuja plicata,Western red cedar,Cupressaceae
Thymus serpyllum*,Thyme,Lamiaceae
Thysanocarpus curvipes,Fringepod,Brassicaceae
Tiarella trifoliata,Foamflower,Saxifragaceae
Tillaea aquatica,Pigmy-weed,Crassulaceae
Torilis arvensis*,Field torilis,Apiaceae
Tragopogon dubius*,Oysterplant,Asteraceae
Tragopogon porrifolius*,Salsify,Asteraceae
Tragopogon pratensis*,Meadow salsify,Asteraceae
Trientalis arctica,Northern star-flower,Primulaceae
Trientalis latifolia,Broadleaved starflower,Primulaceae
Trifolium arvense*,Hare's-foot,Fabaceae
Trifolium cyathiferum,Cup clover,Fabaceae
Trifolium depauperatum*,Poverty clover,Fabaceae
Trifolium dubium*,Least hop clover,Fabaceae
Trifolium hybridum*,Alsike clover,Fabaceae
Trifolium macraei,Rancheria clover,Fabaceae
Trifolium microcephalum,Woolly clover,Fabaceae
Trifolium microdon,Valparaiso clover,Fabaceae
Trifolium oliganthum,Few-flowered clover,Fabaceae
Trifolium pratense*,Red clover,Fabaceae
Trifolium procumbens*,Hop clover,Fabaceae
Trifolium repens*,White clover,Fabaceae
Trifolium subterraneum*,Subterranean clover,Fabaceae
Trifolium tridentatum,Tomcat clover,Fabaceae
Trifolium variegatum,White-tip clover,Fabaceae
Trifolium wormskioldii,Springbank clover,Fabaceae
Triglochin concinnum,Graceful arrowgrass,Juncaginaceae
Triglochin maritimum,Seaside arrowgrass,Juncaginaceae
Triodanis perfoliata,Venus' looking-glass,Campanulaceae
Trisetum canescens,Tall trisetum,Poaceae
Trisetum cernuum,Nodding trisetum,Poaceae
Triticum aestivum*,Wheat,Poaceae
Tsuga heterophylla,Western hemlock,Pinaceae
Typha latifolia,Common cattail,Typhaceae
Ulex europaeus*,Gorse,Fabaceae
Ulmus procera*,English elm,Ulmaceae
Urtica dioica,Stinging nettle,Urticaceae
Urtica urens*,Dog nettle,Urticaceae
Utricularia minor,Lesser bladderwort,Lentibulariaceae
Utricularia vulgaris,Common bladderwort,Lentibulariaceae
Vaccaria segetalis*,Cowcockle,Caryophyllaceae
Vaccinium ovatum,Evergreen huckleberry,Ericaceae
Vaccinium oxycoccos,Wild cranberry,Ericaceae
Vaccinium parvifolium,Red huckleberry,Ericaceae
Vaccinium uliginosum,Bog blueberry,Ericaceae
Valeriana scouleri,Scouler's valerian,Valerianaceae
Valerianella locusta*,European corn salad,Valerianaceae
Verbascum blattaria*,Moth mullein,Scrophulariaceae
Verbascum thapsus*,Common mullein,Scrophulariaceae
Veronica americana,American brooklime,Scrophulariaceae
Veronica arvensis*,Field veronica,Scrophulariaceae
Veronica chamaedrys*,Germander speedwell,Scrophulariaceae
Veronica filiformis*,Thread-stalk speedwell,Scrophulariaceae
Veronica officinalis*,Common speedwell,Scrophulariaceae
Veronica peregrina,Purslane speedwell,Scrophulariaceae
Veronica persica*,Persian speedwell,Scrophulariaceae
Veronica scutellata,Marsh speedwell,Scrophulariaceae
Veronica serpyllifolia,Thyme-leaf speedwell,Scrophulariaceae
Vicia americana,American vetch,Fabaceae
Vicia benghalensis*,Reddish tufted vetch,Fabaceae
Vicia cracca*,Cow vetch,Fabaceae
Vicia gigantea,Giant vetch,Fabaceae
Vicia hirsuta*,Tiny vetch,Fabaceae
Vicia lathyriodes*,Pea vetch,Fabaceae
Vicia sativa*,Common vetch,Fabaceae
Vicia tetrasperma*,Slender vetch,Fabaceae
Vicia villosa*,Hairy vetch,Fabaceae
Vinca major*,Big-leaf periwinkle,Apocynaceae
Viola adunca,Early blue violet,Violaceae
Viola glabella,Stream violet,Violaceae
Viola howellii,Howell's violet,Violaceae
Viola macloskeyi,Small white violet,Violaceae
Viola palustris,Marsh violet,Violaceae
Viola sempervirens,Evergreen violet,Violaceae
Vitis riparia*,Riverbank grape-vine,Vitaceae
Vitis vinifera*,Wine grape,Vitaceae
Wolffia borealis,Northern water-meal,Lemnaceae
Woodsia scopulina,Rocky Mtn. woodsia,Polypodiaceae
Zigadenus venenosus,Meadow death camas,Liliaceae
Zostera marina,Wide-blade eelgrass,Zosteraceae
